category_token,n_items
electronics,1479731
computers & accessories,647666
camera & photo,252668
accessories,199555
computer accessories & peripherals,166204
"bags, cases & sleeves",145657
laptop accessories,131630
tablet accessories,126147
cases,122707
television & video,113956
"headphones, earbuds & accessories",101853
computer components,97354
car & vehicle electronics,70599
internal components,69171
portable audio & video,62449
home audio,62214
cables & accessories,57793
cables & interconnects,57684
computers & tablets,57232
headphones & earbuds,56048
lighting & studio,54941
car electronics,44333
photo studio,40731
cables,39328
home audio accessories,39290
accessories & supplies,38431
earbud headphones,37403
batteries,35090
laptops,32945
backgrounds,32167
wearable technology,30798
traditional laptops,30443
remote controls,29973
usb cables,29235
"keyboards, mice & accessories",27701
power accessories,26655
networking products,26286
skins & decals,25680
car audio,23581
batteries & chargers,23251
data storage,23011
audio & video accessories,22356
security & surveillance,22334
bags & cases,22016
"gps, finders & accessories",20960
vehicle electronics accessories,20250
ac adapters,20044
chargers & adapters,19455
sleeves,18575
arm & wristband accessories,18399
mp3 & mp4 player accessories,18267
fans & cooling,17015
speakers,16421
screen protectors,15845
camera cases,15765
desktops,14915
video surveillance,14908
memory,14671
portable speakers & docks,14463
surveillance cameras,14108
car video,13900
computer cable adapters,13603
gps system accessories,13524
digital cameras,13345
antennas,13342
projector accessories,13309
usb flash drives,13244
binoculars & scopes,13005
lighting,12737
connectors & adapters,12564
stands,12462
cb & two-way radios,12355
cord management,12256
digital camera accessories,12142
portable bluetooth speakers,11890
backpacks,11851
memory cards,11551
hdmi cables,10554
laptop replacement parts,10545
battery chargers,10258
video,10236
adapters,10226
external components,10175
lens accessories,10142
camera batteries,10084
keyboards,9980
lightning cables,9914
monitors,9884
telephone accessories,9347
tripods & monopods,9186
ethernet cables,9115
messenger & shoulder bags,9051
monitor accessories,8997
over-ear headphones,8951
ebook readers & accessories,8874
filters & accessories,8800
towers,8721
"tv mounts, stands & turntables",8712
earpads,8671
replacement screens,8585
tv wall & ceiling mounts,8249
tripod & monopod accessories,8127
vehicle audio & video installation,8102
amplifiers,8090
screen protector foils,8064
mice,7881
power cords,7790
power strips & surge protectors,7788
camera mounts & clamps,7527
televisions,7358
covers,7317
graphics cards,7282
keyboard cases,7214
lenses,7211
keyboard & mice accessories,7200
tablets,7168
point & shoot digital cameras,7126
subwoofers,7097
keyboard skins,7084
smartwatches,6901
decals,6673
coaxial speakers,6572
led & lcd tvs,6170
hard shell cases,6158
hard drive accessories,6137
camcorders,6003
surveillance video equipment,6002
camera lenses,5994
dome cameras,5957
camera,5946
binoculars,5925
video projectors,5903
micro sd cards,5899
stereo jack cables,5862
distribution,5860
professional video accessories,5763
complete tripods,5738
electronics warranties,5736
network adapters,5723
car safety & security,5710
case fans,5670
single board computers,5656
memory card accessories,5613
power converters,5604
accessory kits,5567
home theater,5469
rca,5439
external hard drives,5286
power strips,5250
film photography,5238
mp3 & mp4 players,5219
receivers & amplifiers,5209
in-dash navigation,5185
motherboards,5170
usb gadgets,5121
webcams & voip equipment,5092
vehicle backup cameras,5086
bulbs,5061
tv antennas,5056
webcams,4978
internal power supplies,4904
dvi-hdmi adapters,4857
home security systems,4669
computer cases,4662
lighting controls & modifiers,4633
car stereo receivers,4618
"household batteries, chargers & accessories",4573
cable ties,4482
memory card readers,4407
cpu cooling fans,4390
on-dash cameras,4320
hubs,4313
storage & presentation materials,4234
slr camera lenses,4232
flashes,4176
monitor stands,4172
sports & handheld gps,4167
bullet cameras,4139
amplifier installation,4105
office electronics accessories,4066
enclosures,3996
mounts,3963
cat 6 cables,3947
usb fans,3892
surveillance dvr kits,3877
"clips, arm & wristbands",3856
headsets & microphones,3840
routers,3835
on-ear headphones,3804
blank media,3794
film cameras,3793
speaker parts & components,3754
component subwoofers,3744
sd cards,3704
marine electronics,3689
water cooling systems,3671
vehicle mounts,3670
labeling tapes,3637
lamps,3595
flash accessories,3534
stabilizers,3518
input devices,3487
minis,3274
compact radios & stereos,3246
turntables & accessories,3112
usb network adapters,3102
switches,3038
telescope & microscope accessories,3012
usb hubs,2974
cable straps,2954
computer speakers,2943
lens hoods,2936
video converters,2932
accessory bundles,2927
"binocular, camera & camcorder straps",2921
optical drives,2899
radio antennas,2883
docking stations,2875
tablet replacement parts,2867
radios,2833
turntables,2822
computer headsets,2799
keyboard & mouse combos,2769
projection screens,2712
hidden cameras,2696
underwater photography,2687
digital voice recorders,2680
speaker mounts,2678
telescope accessories,2677
dslr cameras,2669
adapters & converters,2657
surveillance camera cables,2631
microscopes,2625
camcorder batteries,2617
lens caps,2591
sata cables,2573
selector switch boxes,2529
instant cameras,2523
cleaning & repair,2488
filter sets,2466
surge protectors,2443
two-way radios,2437
streaming media players,2426
headsets,2415
2 in 1 laptops,2410
usb-to-usb adapters,2395
all-in-ones,2393
cpu processors,2388
sports & action video cameras,2384
wall plates & connectors,2372
briefcases,2365
repeaters,2349
speaker,2322
surveillance housing & mounting brackets,2282
monoculars,2244
extension cords,2233
i/o port cards,2167
dvd players & recorders,2164
shoe mount flashes,2147
hard drive bags & cases,2134
on-camera video lights,2122
uninterruptible power supply (ups),2105
soft boxes,2101
cat 5e cables,2085
coaxial cables,2081
clock radios,2077
cat 7 cables,2055
digital picture frames,2049
television replacement parts,2044
sound bars,2040
satellite equipment,1975
telescopes,1926
heatsinks,1914
audio docks,1912
graphics tablets,1912
radio wiring harnesses,1890
cd & dvd drives,1873
kvm switches,1863
network cards,1851
multichannel amplifiers,1848
cleaning,1848
receivers,1846
continuous output lighting,1817
optical,1762
fish finders & depth finders,1760
cleaning equipment,1756
handheld gps units,1705
bluetooth & fm transmitters,1698
dvd players,1688
macro & ringlight flashes,1653
samsung_tradein,1628
portable dvd players,1600
wireless access points,1569
neutral density filters,1564
battery grips,1546
monitor arms,1545
telephone cords,1498
tripod heads,1490
case hardware & latches,1488
internal optical drives,1486
microphones,1476
mirrorless cameras,1472
cable sleeves,1442
usb-to-vga adapters,1440
cooling pads & external fans,1417
coaxial,1411
subwoofer boxes & enclosures,1410
running gps units,1404
mono amplifiers,1403
item finders,1396
boomboxes,1392
network attached storage,1387
internal tv tuner & capture cards,1385
reflectors,1380
speaker repair,1378
housings,1346
computer microphones,1328
horns & sirens,1324
network antennas,1311
cooling pads,1311
cable organizer bags & cases,1299
tv replacement lamps,1269
aviation electronics,1267
film,1263
booms & stands,1262
internal cd & dvd drives,1256
splitters,1252
in-dash dvd & video receivers,1230
fm transmitters,1225
skylight & uv filters,1224
portable cd players,1184
surveillance video recorders,1171
cables & cords,1159
home theater systems,1150
monopods,1148
cleaning kits,1117
usb microscopes,1112
screens,1089
vga cables,1078
posing props,1073
compressed air dusters,1071
cable raceways,1062
video studio,1059
bookshelf speakers,1054
dvi,1053
camcorder,1052
cooling fans,1047
projector,1046
3d glasses,1036
compactflash cards,1031
usb lamps,1028
gps trackers,1002
battery holders,998
shoe mounts,987
diffusers,982
motion detectors,980
surround sound systems,968
replacement bands,941
blu-ray players & recorders,941
powerline network adapters,938
usb port cards,933
shortwave radios,929
hdmi-to-vga adapters,928
radar detectors,928
speaker accessories,915
auxiliary input adapters,913
strobe lighting,906
ceiling & in-wall speakers,904
shutter release cords,902
cd-r,900
remote control extenders,897
serial adapters,895
video monitors,887
blu-ray players,881
chargers & cables,881
network transceivers,862
overhead video,840
modems,836
stereo shelf systems,832
monolights,829
external solid state drives,827
polarizing filters,819
aircraft accessories,804
weather radios,801
skins,795
shooting tents,795
cb radios & scanners,782
filters,777
in-mirror video,777
headrest video,774
refractors,772
racks & cabinets,767
internal solid state drives,764
bluetooth network adapters,759
eyepieces,756
camera privacy covers,751
umbrellas,747
anti-glare & privacy filters,743
personal radios,741
viewfinders,735
satellite television,734
floor cord covers,726
bag & case accessories,721
camcorder cases,720
stereo system components,718
blank video media,711
dvd-r,709
computer screws,701
floorstanding speakers,688
internal hard drives,686
bluetooth car kits,684
batteries & battery packs,683
car dash mounting kits,678
camera supports & stabilizers,678
repair kits,678
speaker systems,676
servers,669
vehicle gps,658
marine gps chartplotters,650
filter accessories,648
wireless & streaming audio,640
ebook readers,639
outdoor speakers,636
capacitors,629
compound microscopes,621
lens cleaners,620
whole home & mesh wi-fi systems,618
battery testers,617
camera brackets,617
cassette players & recorders,616
power & ground cable,613
serial cables,607
computer vacuums,606
satellite radio,595
fixed-mount cb radios,595
portable line-in speakers,590
access-control keypads,589
memory card adapters,584
enclosed subwoofer systems,582
bluetooth headsets,581
effects filters,578
cd & tape players,577
battery storage containers,577
screen filters,569
photo adapters,565
mirrorless camera lenses,563
desktop barebones,551
remote triggers,547
tv display protectors,541
blu-ray drives,539
darkroom supplies,524
mounting hardware,518
digitizers,516
background support equipment,514
stereo microscopes,509
cameras,508
speaker grills,504
memory card cases,499
firewire cables,498
gender changers,494
tv-dvd combos,490
battery & charger sets,489
lens cases,480
numeric keypads,478
armbands,472
point & shoot film cameras,471
center-channel speakers,461
digital pens,452
golf course gps units,451
thunderbolt cables,449
bluetooth transmitters,447
quadcopters & accessories,446
component speakers,442
external sound cards,440
laptop network adapters,425
cassette player adapters,423
graphics card fans,422
camcorder bundles,421
flex cables,420
equalizers,418
dvd+r,414
vhs,412
pdus,407
speaker installation,407
raid controllers,398
dual-channel amplifiers,396
light meters & accessories,393
cd players,393
connecting blocks,388
microcassette recorders,388
cycling gps units,386
vcrs,383
internal sound cards,380
extension tubes,371
marine gps accessories,366
wireless audio receivers & adapters,366
camera sliders,363
sync & pc cords,361
surveillance systems,357
step-up rings,356
preamplifiers,355
power-cable terminals,352
headsets & intercoms,352
memory stick cards,351
print servers,349
floppy & tape drives,348
disc duplicators,346
rain covers,345
av receivers & amplifiers,345
dvd recorders,343
power adapters,342
home audio crossovers & parts,340
qled tvs,340
cord reels,338
calculator accessories,338
data cartridges,335
record cleaners & cleaning supplies,333
cloths,333
underwater lighting,327
quadcopter camera mounts,324
thermal paste & pads,323
scsi port cards,319
microscope accessories,317
security monitors & displays,315
portable & handheld tvs,313
adapter rings,311
security locks,307
sandbags,302
touch pads,302
biometrics,301
glasses,293
tv mount stands,293
devices,292
cd & dvd racks,291
compound monocular microscopes,291
amazon devices & accessories,289
video transmission systems,288
dvd-vcr combos,287
camera battery & charger sets,285
archival boxes,283
grills,282
surveillance camera lenses,272
printers & scanners,266
portable photo printers,263
analog-to-digital (dtv) converters,257
crossover parts,256
slr cameras,251
service plans,248
cd racks,247
amplifier wiring kits,247
noise filters,240
tripod & monopod cases,233
isolation transformers,233
amazon device accessories,232
surveillance nvr kits,232
portfolios,232
minidv,232
light meters,229
binocular accessories,229
digital media receivers,229
spikes,228
mounting accessories,227
open-ear headphones,227
chargers,226
s-video cables,224
smart clip accessories,223
infrared filters,220
tripod mount rings,218
video glasses,214
lcd displays,211
tweeters,210
marine two-way radios,209
firewire port cards,209
component cables,207
camcorder accessories,206
bd-r,206
marine speakers,201
lens supports,199
cable security devices,198
internal blu-ray drives,198
follow-focus levers,196
silicon grease,194
radio scanners,194
camera shoulder supports,192
mini-sas cables,192
reading lights,188
battery wiring & terminals,179
serial port cards,178
film processing equipment,178
single-use cameras,178
distribution panels,176
color correction & compensation filters,174
oled tvs,172
floppy diskettes,171
tripod legs,170
camcorder lenses,170
trackballs,169
teleprompters,168
battery packs,167
catadioptric,167
camcorder battery & charger sets,167
external tv tuners,166
internet radios,164
dvd-rw,163
head cleaners,163
car headphones,161
compound trinocular microscopes,161
bags,160
digital-analog converters,157
modem cables,156
disc repair kits,155
3p asins 1500,154
satellite speakers,153
filter cases,153
simulated cameras,153
adzinia ce node,153
motor drives,150
electronics & wireless outlet,147
finder scopes,147
subwoofer,145
modem router combos,143
interconnect cables,143
bluetooth,142
canon,138
cat 5 cables,137
parallel cables,136
bundles,136
shower radios,133
new arrivals - electronics,132
fuse holders,132
satellite dishes,130
compound binocular microscopes,128
"slide, negative & print pages",128
caller id displays,127
electronics international versions,127
satellite finders,127
ir illuminators,126
continuous lights,125
xd-picture cards,124
disc cleaners,124
marine antennas,123
cd-rw,122
pc part finder,122
heat-shrink tubing,118
thermal pads,117
wireless multiroom systems,116
3p asins 1400,114
cell phone headsets,111
gaming accessories,108
accessories & peripherals,108
graduated color filters,106
media storage,105
chemicals,104
warranties & services,103
vcr rewinders,103
composite cables,102
professional video cameras,99
photo enlarging paper,99
tape decks,98
step-down rings,98
media storage sleeves,98
diopters,98
installation services,97
rings,95
dew caps,95
body mounted cameras,94
grey cards,91
all,89
satellite dish mounts,89
speaker wire connectors,87
usb beverage warmers,86
ps/2 cables,86
wearable technology: running watches & devices,85
computer equipment warranties,83
flash tubes,83
grill cloth,82
marine autopilots,82
"free one-day shipping in tv, video & audio with your citi card",81
parallel port cards,81
matte boxes,80
kodak,80
line conditioners,79
rf modulators,79
protection plans,77
projector bags & cases,77
camera accessories,77
hi-8,76
mobile broadband devices,75
speaker wiring harnesses,74
dats,74
"free two-day shipping in camera, photo & video",73
phone cards,72
scsi cables,70
barn doors,69
barlow lenses,69
marine stereos,68
speaker wire,68
pc gaming,68
gaming computers,66
ipad accessories,65
styluses,65
gaming monitors,64
discover holiday - tv & video,64
shooting tables,63
amazon cloud drive t&c offer,63
parts & accessories,63
slaves,61
trucking gps,61
portable electronics for mother's day,60
changers,59
mp3 player accessories,59
pc & camera outlet,58
cd recorders,57
flat ribbon cables,56
firewire adapters,56
radar systems,56
pyle,55
camera & camcorder lens bundles,55
telescope cases,54
medium & large-format cameras,54
gifts,53
jvc,52
internal memory card readers,52
digital camcorders,50
zip media,49
samsung tablet accessories,48
minidisc players,48
slide projectors,48
electronics gift guide - top tech for gifting,47
nexus tablet accessories,47
mp3 players & accessories,47
wireless jack systems,47
bd-re,47
power cables,46
razer,46
dlt cleaning cartridges,46
compressed air,46
opera glasses,46
carpet & vinyl,45
amazon locker eligible camera products,45
tech accessories for dads & grads,45
external cooling fans,45
amazonbasics accessories,44
phone & tablet accessories,44
strobes & flashes,44
aviation gps,44
heavy items,44
camera cranes,44
external zip drives,44
device servers,43
otter products holiday electronics store,43
color calibration charts,43
all canon,43
brushes,43
light boxes & loupes,42
tuners,42
gaming mice,41
minidiscs,41
smartmedia cards,41
loupes,40
dvd+rw,39
dvd-ram,39
discover holiday - mp3 & media players,38
marine amplifiers,38
camera chest supports,38
diagonals,37
headphones,36
port tubes,36
vtr decks,35
tabletop & travel tripods,35
lenses & filters,34
traffic message channel (tmc) receiver modules,34
video multiplexers & quads,34
tv turntables,34
electronics top holiday deals,33
surveillance accessories,33
parallel adapters,32
tv tuners,32
internal modems,31
gamepads and controllers,31
security & surveillance product finder,30
kick-panel enclosures,30
guiders & wedges,30
scsi adapters,30
android accessories,29
phono preamps,28
gifts for grads,27
other accessories,27
otterbox brand store,27
speaker boxes,27
scosche,26
rangefinder cameras,26
carpet,26
connectivity,26
wireless,25
cell phones & accessories,25
power-distribution kits,25
copying equipment,24
specialty film cameras,23
amazon devices,23
bass blockers,23
"deep discounts in camera, photo & video",23
marine subwoofers,23
presentation supplies,23
sony,22
computers low return rate alert,21
gift ideas,21
portable audio & accessories holiday deals,20
handheld cb radios,20
asus pc,20
drone store | accessories,20
liquid cleaners,19
pc gaming & accessories,19
hp,19
network cameras,18
v4 customers keep it - 50%,18
bose store,18
computer headsets and mics,18
pc gaming accessories,18
camera cine dollies,18
asus transformer tablet accessories,18
gifts for dads,18
electronics emergency preparedness,18
gaming keyboards,17
v4 customers keep it - 30%,17
mounting brackets,17
new in electronics,16
lifeproof brand store,16
computers & accessories overstock event,16
20-25.9 inches,16
power-distribution components,16
computers and accessories quantity pricing,16
handles,16
center columns,16
home entertainment,15
amazon pro portal,15
mad catz,15
western digital,15
desktop,15
back to school tech accessories,15
social photography,15
subwoofer kits,14
aviation handheld radios,14
apple bands,14
systems,14
power packs,14
logitech,14
"big markdowns in tv, video & audio",14
overhead supplies,14
sports & vehicle gps,13
summer colors for tech accessories,13
iphone cases,13
nikon,13
high-tech stocking stuffers,13
computers,13
samsung,13
amazon device accessories under $20,13
all sony camera & photo,13
safelights,12
bluetooth speakers,12
tech accessories,12
cool & quirky tech accessories,12
black & white contrast filters,12
truck & rv electronics store,12
gaming laptops,12
frustration-free packaging: electronics > computer features - us,12
bases & stands,11
hero quick promotion,11
free one day shipping with citi-electronics on the go,11
optoma projectors,11
amazon unlimited storage + laptop promotion,11
apple accessories,11
metra dynamic coop,11
2014,11
hewlett-packard,11
context of use,11
caddies,10
bestselling renewed smartphones,10
entertainment networking,10
tablet pcs,10
smart home security & lighting,10
stylus pens,10
protective tablet accessories,10
monopod heads,10
sound storm dynamic coop,10
wearable technology: smart tracking,10
hd dvd players,10
wearable technology: fitness & wellness,9
vhs-c,9
surveillance camera kits,9
contour,9
enlarger accessories,9
multifunction devices,9
"tablet keyboards, stands, & styluses",9
electronic flashes,9
archival storage binders,9
hdd cooling fans,9
free one-day shipping on select electronics with your discover card,8
boss audio dynamic coop,8
ipad accessory starter kit,8
accessories and mounts,8
tv on the go,8
video games,8
power supplies & chargers,8
surround processors,8
computer & tablet accessories,8
usb 2.0,8
keycaps,8
rockford fosgate dynamic coop,8
wearable technology: kids & pets,8
touchscreen laptops,8
image scanners,8
device bundles,7
echo smart speaker & display bundles,7
steelseries,7
star wars day tech gadgets,7
game hardware,7
ipad,7
video game consoles & accessories,7
8-camera kits,7
spring cleaning in electronics accessories,7
12-month financing on computers,7
home theater projectors,7
ipad air 2 & ipad mini 3 accessories,7
wearable technology 1.0,7
virtual reality,7
samsung note 10.1,7
sports gps,7
windows pcs,7
june audio month featured deals,7
bazooka dynamic coop,6
fall outlet event in computers & accessories,6
cases with band,6
gobos,6
sony pc,6
ultrabooks,6
audio and accessories,6
summer is coming in tech accessories,6
4th of july deals 2013-electronics on the go,6
pc products,6
windows 7 home premium,6
gifts for dads & grads in electronics,6
leica,5
2 in 1 pcs,5
data cables & chargers,5
biking,5
new ipod accessories,5
"cases, covers & sleeves",5
in-visor video,5
meet windows 8,5
featured windows 8 pcs,5
ipad air accessories,5
car electronics oem,5
toshiba,5
free photo book,5
ipad mini,5
olympus,5
buy samsung at as low as 0% apr,5
binding machine supplies,5
service contracts,4
corsair,4
kids character cameras,4
pro series ultrabooks,4
oneplus,4
hp scanners,4
electronics $5 store,4
v4 customers keep it - 70%,4
pda accessories,4
tablet & computer accessories,4
gear for the urban commuter,4
fujifilm,4
back to school-electronics on the go,4
firewire,4
premium audio promotion,4
traditional audio,4
travel essentials,4
all camera & photo,4
convertibles,3
"wearable technology: family, kids & pets",3
rv gps,3
hands-free action cameras,3
hp inkjet printers,3
hp single-function inkjet printers,3
dell accessories,3
dell tablet accessories,3
tomtom dynamic coop,3
headphones & components,3
cable connection protectors,3
gaming desktops,3
16-20 inches,3
audio-video components,3
microdrive,3
networking,3
yamaha,3
digital camera & camcorder accessories,3
blu-ray recorders,3
digital video recorders,3
8-channel,3
usb 3.0/2.0,3
charging docks,3
fall outlet deals in computers & accessories,3
hp laserjet printers,3
hp monochrome laserjets,3
premium tv & audio,3
"new year, new tech gear electronics on the go",3
camera and printer docks,3
innovative gadget gifts for techies,3
acer certified refurbished deals,3
adapters & connectors,3
vivitar,3
renewed phones,3
samsung optical,3
traditional camcorders,3
personal electronics,3
premium electronics,3
frustration-free packaging: electronics > camera & photo features - us,3
celestron,2
qualifying audible devices,2
dell monitor promotion,2
mother's day gifts in electronics accessories,2
router & cable modem bundles on sale,2
sennheiser mics & instrument sets,2
4-camera kits,2
belkin dynamic coop,2
echo holiday skins,2
hp projectors,2
fire tablets,2
smart plugs,2
pc components,2
musical instruments,2
duo series 2-in-1s ultrabooks,2
presidents day deals electronics on the go,2
warranty services by amazon,2
echo protection plans,2
skullcandyheadphones,2
35mm compact,2
audio deal,2
summer road trip-electronics on the go,2
samsung tab 2 7.0,2
electronics outlet,2
2014 samsung holiday tv deals,2
pentax,2
batteries & adapters,2
samsung tablet accessory starter kit,2
television,2
flip video,2
surface-mounted speakers,2
vr ready desktops,2
network media players & storage,2
sandisk dynamic coop,2
featured ipad accessories,2
marantz reference components,2
detachables,2
tape libraries,2
power-over-ethernet,2
bogen,2
bounceback,2
sensors,2
business projectors,2
tablet stands,2
doorbells & chimes,2
featured windows 7 pcs,2
hp pc accessories,2
toshiba laptops,2
apple,2
tech & gadgets,2
car electronics for college,2
shop eero wifi,2
laptop backpacks & bags,2
deal of the day: up to 50% off select tech accessories,2
electronics holiday shopping,2
pyle electronics father's day deals,2
free one-day shipping i audio & accessories,2
bestselling renewed home entertainment,2
midland dynamic coop,2
3-ccd,2
computers and accessories business pricing,2
pc accessories $5 store,2
frustration-free packaging: electronics > electronic features - us,2
6 month financing,1
featured overstock in mobile electronics,1
other,1
midland two-way & emergency radios,1
deep discounts in portable audio & accessories,1
get up to 3 free game codes,1
radio & clock stocking stuffers,1
gaming pc,1
acer laptops & desktops event,1
cases & covers,1
arkon dynamic coop,1
mp3 players with android,1
new lg prepaid phones,1
dell deals,1
get your boat ready for summer,1
smart lighting,1
smart light switches,1
konica minolta,1
home entertainment deals,1
home audio outlet,1
boston acoustics speakers,1
quirky back to college,1
pc games,1
tab 2 10.1,1
binocular cases,1
gaming projectors,1
printers,1
pioneer elite,1
tv accessories - home,1
laptop travel accessories,1
software outlet,1
popular electronics,1
denon receivers,1
targus computer & tablet accessories,1
targus laptop cases & backpacks,1
new from garmin spring 2016,1
sound around dynamic coop,1
intel-powered tablets,1
computer add-ons,1
computer accessories & peripherals deal of the day,1
pyle electronics holiday savings,1
emerging technologies,1
shoot and share video,1
"30% off on caseology iphone cases for iphone x, iphone 8/7 and iphone 8plus/7plus smartphones",1
office products,1
camera tripods,1
mp3 father's day guide,1
acer savings,1
touch pcs,1
home security decals & signs,1
lg,1
hp desktops,1
steelseriesbd,1
up to 47% off steelseries prime gaming mouse,1
samsung note 8.0,1
gopro accessories,1
acer clearance sale,1
wearable technology: wearables for pets,1
must-have gadgets for summer travel,1
portable audio spring outlet,1
hp laptop sleeves,1
wearable technology: wearables for babies & kids,1
audio,1
"back to school in tv, video & audio",1
used amazon devices,1
computer component bundles,1
motherboard - cpu bundles,1
wireless components & receivers,1
samsung gift ideas,1
select favorites in computer accessories,1
hard drives & digital storage,1
intel components,1
processors,1
fitness gps accessories from garmin,1
deep discounts in car electronics and gps & navigation,1
camcorder tripods,1
desktops & monitors,1
save on apc ups and surge protectors,1
hp laptop bags/cases,1
logitech universal remotes,1
ipad pro accessories,1
toshiba netbook accessories,1
ipad mini accessories,1
hunting and fishing,1
nokia lumia 635 dotd,1
chromebook savings,1
intel mother's day event,1
shop dell desktops,1
"new products in camera, photo & video",1
hp laptops,1
cases & bags,1
office electronics,1
nexus accessory starter kit,1
nexus 10,1
tiffen,1
usb adapters,1
outlet deals,1
devices with enhanced amazon instant video viewing experience,1
gps & navigation holiday deals,1
free one day shipping | mobile electronics,1
note 8.0,1
bose stereos & speakers,1
big savings in home audio & headphones,1
flip video accessories,1
designed for flip,1
fitness headphones,1
digital imaging,1
new intel powered asus tablets,1
portable dvd players: for the car,1
valentine's day,1
"deal of the day | new year, new tech gear",1
speck tablet & macbook cases,1
car electronics bundles,1
alarm systems,1
lenses & adapters,1
kensington security locks,1
tablet locks,1
kindle gear gift bundles,1
enlargers,1
the best holiday deals in electronics,1
touchscreen all-in-one desktops,1
