system,seed,seen_ndcg,unseen_ndcg,retention
text_only,1,0.020294591784477234,0.008477260358631611,0.4177103165541684
text_only,2,0.018803995102643967,0.01067004818469286,0.5674351714329355
text_only,3,0.019540270790457726,0.015243126079440117,0.7800877604461822
text_only,4,0.01972920633852482,0.012852984480559826,0.6514699202806787
text_only,5,0.02079627476632595,0.009216604754328728,0.44318537131720215
image_only,1,0.02076762728393078,0.0072545139119029045,0.34931837964542917
image_only,2,0.020038390532135963,0.008700452744960785,0.43418919952716245
image_only,3,0.017637331038713455,0.006527726072818041,0.37010849648905847
image_only,4,0.01990506239235401,0.010375619865953922,0.5212553299978319
image_only,5,0.020184677094221115,0.007640961091965437,0.37855255530211324
content_only,1,0.020836878567934036,0.011286061257123947,0.5416387689897141
content_only,2,0.021308375522494316,0.012043350376188755,0.5651932670078542
content_only,3,0.020623061805963516,0.010615464299917221,0.5147375496323041
content_only,4,0.01932770200073719,0.010614550672471523,0.5491884483766702
content_only,5,0.019704453647136688,0.008123554289340973,0.4122699586000158
interaction_text,1,0.022584175691008568,0.012503787875175476,0.5536526126190918
interaction_text,2,0.02277047373354435,0.013550180941820145,0.5950768130861801
interaction_text,3,0.01601487770676613,0.006965504493564367,0.4349395993590079
interaction_text,4,0.021603001281619072,0.014088133350014687,0.6521377824479224
interaction_text,5,0.016108226031064987,0.008621221408247948,0.535206135773224
interaction_image,1,0.02040189877152443,0.009908631443977356,0.485672022733842
interaction_image,2,0.018777228891849518,0.007708078250288963,0.4105013734819384
interaction_image,3,0.012818942777812481,0.007766286376863718,0.6058445311344945
interaction_image,4,0.018985165283083916,0.00812985934317112,0.42822167844990816
interaction_image,5,0.021050168201327324,0.009558221325278282,0.4540686437211265
concat_fusion,1,0.021678701043128967,0.011790391989052296,0.5438698548218249
concat_fusion,2,0.022251449525356293,0.011782425455749035,0.5295127152198582
concat_fusion,3,0.01848522201180458,0.008077646605670452,0.4369786092107578
concat_fusion,4,0.02131972648203373,0.010058470070362091,0.47179170327717046
concat_fusion,5,0.02011961117386818,0.00867809820920229,0.4313253439248173
attention_fusion,1,0.017729008570313454,0.007279001642018557,0.41057014627467475
attention_fusion,2,0.019495978951454163,0.008488048799335957,0.43537433131578407
attention_fusion,3,0.0155597273260355,0.006857500411570072,0.44072111727148827
attention_fusion,4,0.015968455001711845,0.008152198046445847,0.5105188977626149
attention_fusion,5,0.01750771328806877,0.005390725564211607,0.30790574848431523
