iteration,users,items,interactions,density_pct
0,5799032,190688,8093805,0.00073
1,47331,45990,391641,0.01799
2,23498,9218,187822,0.08671
3,17991,6105,141722,0.12903
4,15932,5105,124462,0.15303
5,15021,4670,116663,0.16631
6,14577,4449,112750,0.17385
7,14252,4297,110018,0.17965
8,14063,4206,108395,0.18326
9,13904,4145,107084,0.18581
10,13816,4091,106203,0.1879
11,13763,4058,105640,0.18915
12,13722,4031,105222,0.19023
13,13687,4015,104916,0.19092
14,13670,4009,104791,0.19121
15,13664,4006,104737,0.19134
16,13653,4000,104626,0.19158
17,13646,3996,104554,0.19174
18,13646,3995,104545,0.19177
19,13646,3995,104545,0.19177
