epoch,loss,warm_ndcg,content_ndcg,auxiliary
1,0.610913077069888,0.020924260616302492,0.012539882891556109,False
2,0.518765753150311,0.026171732664108275,0.02451152421841354,False
3,0.4520650363098373,0.023403927087783813,0.02310055417785668,False
4,0.4194009950440326,0.02121808797121048,0.020868268702775854,False
5,0.3989861744788427,0.023005291759967805,0.025330757870553968,False
6,0.3858848692448328,0.02532825767993927,0.026625395889724224,False
7,0.3743455340167157,0.02592344981431961,0.024885393284361648,False
8,0.36794468500633654,0.02475608730316162,0.025971230429441376,False
9,0.36251052556310753,0.022200087428092957,0.016885603380701,False
10,0.35831981633437104,0.024684785962104796,0.02114078520057638,False
11,0.35170733084145944,0.02295394390821457,0.021874743834883796,False
12,0.34866921404726825,0.024693545818328857,0.023320794954494628,False
13,0.34379864656632864,0.02383533674478531,0.01917626631753077,False
14,0.33618722316029936,0.024178209662437437,0.02106148837862442,False
15,0.32930916434087937,0.023869158506393432,0.023333729165290685,False
16,0.32169498044398565,0.025563466131687165,0.022291066867349402,False
17,0.31568209623933163,0.021587506413459776,0.018005639551725947,False
18,0.30518895387649536,0.027632481455802917,0.024165974395154124,False
19,0.2998328010782559,0.02318648087978363,0.022255263621697555,False
20,0.2924982311777588,0.022506299138069154,0.02051479487055623,False
21,0.29063618755632914,0.02397116982936859,0.020979748878697503,False
22,0.2828925767614016,0.02551712340116501,0.025638821035804678,False
23,0.2790011391246676,0.027078300476074218,0.020603050820963763,False
24,0.27470292473765096,0.02309946310520172,0.016987132121760576,False
25,0.26967707613346037,0.025817212104797364,0.021990980035181632,False
1,1.224948231790631,0.01652766263484955,0.015072978904678111,True
2,1.0142106327763696,0.0228479043841362,0.02102526362569667,True
3,0.9004758471364221,0.022040214121341706,0.02165990083309756,True
4,0.8506370849440468,0.0214235200881958,0.022607381795785243,True
5,0.8020150214839696,0.02220416885614395,0.022826368908647532,True
6,0.7576657460560916,0.021836894690990448,0.019161736145969565,True
7,0.7183009527359736,0.02664936137199402,0.02445066963540712,True
8,0.690746081622485,0.02461042821407318,0.02370162883574268,True
9,0.6687343258623856,0.019693212389945983,0.020814187070743208,True
10,0.6503574227767029,0.017898409724235533,0.02313391804972467,True
11,0.6368578337843477,0.019473986506462097,0.021299184361846614,True
12,0.626972030635101,0.019183975517749786,0.019742964101882293,True
13,0.6149605926765733,0.014749484658241272,0.01970412888551013,True
14,0.6081161288701871,0.02313535737991333,0.02452194364241383,True
15,0.5965946395488136,0.023488439202308656,0.025284948769259265,True
16,0.5900406219491516,0.02399253386259079,0.02534705904766489,True
17,0.5845974093399515,0.024335105895996093,0.024342850447391665,True
18,0.5764146159715159,0.02184271466732025,0.019524040001446485,True
19,0.5672556067682417,0.020629903495311738,0.019564904740378555,True
20,0.5559140371529218,0.020794438898563385,0.021641294901231102,True
21,0.5493282201504512,0.018894985854625703,0.018310269911188563,True
22,0.5354472698405264,0.02575087583065033,0.02333337213127289,True
23,0.5262404046851218,0.027761215806007385,0.022935603914084054,True
24,0.5304199103113741,0.023065240561962127,0.02298548059867785,True
25,0.5028885318732716,0.02305598270893097,0.024702518348095864,True
