system,epoch,warm,cold_proxy,ghost
concat_fusion,1,0.01982541460543871,0.016755459010601045,0.004821300759911537
concat_fusion,2,0.01880066592246294,0.018201237358152867,0.00555170326679945
concat_fusion,3,0.018687797300517558,0.01784765124320984,0.005578622996807099
concat_fusion,4,0.020964927859604358,0.020352966710925104,0.008478592850267887
concat_fusion,5,0.01485924880951643,0.014434134289622307,0.008234923399984837
concat_fusion,6,0.022830301262438298,0.022671954855322838,0.011201241895556449
concat_fusion,7,0.02085066843777895,0.021236176043748854,0.00853245234489441
concat_fusion,8,0.01672065883874893,0.01922342710196972,0.010335532665252686
concat_fusion,9,0.020860513783991338,0.01635856255888939,0.009193022415041923
concat_fusion,10,0.019480770342051982,0.020598212890326976,0.010968635834753514
concat_fusion,11,0.0236741828545928,0.022289783954620362,0.010472686864435672
concat_fusion,12,0.020270010456442833,0.01895534485578537,0.008490540318191051
concat_fusion,13,0.019101359844207765,0.017635928317904472,0.009856069691479206
concat_fusion,14,0.018248524330556393,0.017636514194309713,0.008711909033358098
concat_fusion,15,0.023398512713611125,0.01987583376467228,0.009684923961758614
concat_fusion,16,0.024599833227694035,0.020594712607562543,0.00923712645471096
concat_fusion,17,0.02269194882363081,0.020901082493364812,0.009286403320729733
concat_fusion,18,0.022737561017274855,0.01384476687759161,0.00884761780500412
concat_fusion,19,0.024325755536556245,0.018551622591912745,0.012028216503560544
concat_fusion,20,0.020471121594309808,0.020992367081344127,0.014142599679529667
concat_fusion,21,0.022473647147417068,0.020968732349574568,0.012716501578688621
concat_fusion,22,0.01755191445350647,0.017473319880664348,0.010738696843385697
concat_fusion,23,0.023949064202606677,0.02358677562326193,0.012426934748888016
concat_fusion,24,0.01886199079453945,0.01741426922380924,0.011202101208269597
concat_fusion,25,0.027483278512954713,0.02369737982749939,0.01205394683778286
concat_fusion,26,0.02363873425871134,0.020434836149215697,0.011208782382309436
concat_fusion,27,0.025259925574064254,0.024801177643239497,0.010687485314905643
concat_fusion,28,0.023128305301070212,0.019378513395786286,0.012515480808913708
concat_fusion,29,0.025079770535230635,0.020115378722548486,0.012124493412673474
concat_fusion,30,0.019232251234352588,0.018581802658736706,0.011532191134989262
concat_fusion,31,0.025247558690607547,0.01889452051371336,0.009611557707190514
concat_fusion,32,0.024309464506804945,0.022069573290646075,0.01029088531434536
concat_fusion,33,0.023692346699535845,0.014586837664246559,0.009840419560670853
concat_fusion,34,0.02410124186426401,0.023399525620043278,0.009402148827910423
concat_fusion,35,0.020473203584551812,0.02063456315547228,0.010369514167308807
concat_fusion,36,0.02535951018333435,0.02485486999154091,0.009774387538433075
concat_fusion,37,0.025902375653386114,0.021871925853192805,0.010144053146243096
concat_fusion,38,0.023205091655254365,0.02142183892428875,0.011158989191055298
concat_fusion,39,0.02299141250550747,0.02386672906577587,0.009143016830086708
concat_fusion,40,0.022001922763884067,0.018963376171886922,0.00859098569303751
concat_fusion,41,0.025460162684321403,0.024909171611070632,0.012201128296554089
concat_fusion,42,0.021531340330839158,0.022693274691700936,0.012690803341567516
concat_fusion,43,0.020440369360148907,0.017538185715675354,0.010576400443911553
concat_fusion,44,0.019689282290637492,0.018346778564155102,0.00931866466253996
concat_fusion,45,0.022450282759964465,0.02098868276923895,0.01086214616894722
concat_fusion,46,0.021764888316392898,0.019934272468090056,0.011750333413481712
concat_fusion,47,0.022611413300037384,0.0199345450848341,0.01255892151594162
concat_fusion,48,0.0222661142796278,0.024651883468031884,0.013173574529588223
concat_fusion,49,0.02053572058677673,0.02263648435473442,0.011175668694078923
concat_fusion,50,0.021795858703553675,0.02014125406742096,0.012792661115527152
concat_fusion,51,0.023193805925548077,0.019987991973757745,0.013307035483419894
concat_fusion,52,0.020196565836668016,0.021805488765239717,0.0092650992795825
concat_fusion,53,0.0205538547039032,0.020042653270065783,0.010862596780061722
concat_fusion,54,0.02338935576379299,0.023470678105950354,0.01205414092540741
concat_fusion,55,0.019529826901853085,0.021687540635466577,0.011867608591914177
concat_fusion,56,0.02210681892931461,0.01999500095844269,0.01218734896928072
concat_fusion,57,0.018825197070837022,0.019676361754536627,0.009778275519609452
concat_fusion,58,0.021318001598119737,0.021212658062577248,0.01012383759021759
concat_fusion,59,0.02327075254172087,0.02224284879863262,0.009188332341611385
concat_fusion,60,0.0211551109328866,0.0169247967004776,0.009385090358555316
text_only,1,0.01965081289410591,0.01965081300586462,0.005903721660375595
text_only,2,0.018304033577442168,0.01830403372645378,0.004357803225517273
text_only,3,0.017553786002099513,0.017553786002099513,0.006406799502670765
text_only,4,0.016287569515407087,0.016287569515407087,0.008127369038760662
text_only,5,0.011532501764595509,0.011532501727342605,0.010125348992645741
text_only,6,0.02122596003115177,0.021225959807634354,0.011252406381070614
text_only,7,0.022702604830265045,0.02270260438323021,0.012321647852659226
text_only,8,0.021154865473508835,0.021154865436255933,0.013030590005218983
text_only,9,0.019786631017923356,0.019786630868911744,0.013266574501991271
text_only,10,0.02163462035357952,0.02163462035357952,0.012928344167768955
text_only,11,0.019827374033629896,0.019827374033629896,0.011189482167363167
text_only,12,0.018689821884036065,0.018689821735024453,0.012731164924800396
text_only,13,0.017235133796930313,0.01723513349890709,0.013471475176513195
text_only,14,0.015406474843621254,0.015406474769115448,0.013161911115050317
text_only,15,0.02126616071909666,0.021266160383820534,0.011884600095450878
text_only,16,0.01784763429313898,0.017847634144127367,0.013226265959441662
text_only,17,0.019318670630455018,0.019318670630455018,0.01411547826230526
text_only,18,0.018165843598544597,0.018165843598544597,0.012217394918203353
text_only,19,0.020324212312698365,0.020324212461709977,0.012241418682038784
text_only,20,0.020669982135295868,0.02066998228430748,0.013188464470207691
text_only,21,0.019507246986031533,0.01950724683701992,0.01268410912901163
text_only,22,0.017075529992580413,0.017075529992580413,0.01251137997955084
text_only,23,0.02007782455533743,0.020077824518084528,0.013431305699050426
text_only,24,0.01866515837609768,0.018665157705545426,0.014514606781303882
text_only,25,0.021366836987435817,0.021366836689412593,0.013919695809483528
text_only,26,0.018568453527987003,0.01856845337897539,0.012454263463616371
text_only,27,0.020174626372754575,0.02017462607473135,0.011101128228008747
text_only,28,0.017538725286722182,0.01753872513771057,0.013567796394228936
text_only,29,0.016557387597858905,0.016557387597858905,0.012392411381006241
text_only,30,0.01658207077533007,0.016582070924341677,0.014904598996043206
text_only,31,0.021437012553215028,0.02143701210618019,0.014000199794769286
text_only,32,0.01740864899009466,0.01740864910185337,0.01651433304697275
text_only,33,0.01723811324685812,0.017238112911581994,0.013516471385955811
text_only,34,0.01732562318444252,0.01732562333345413,0.015609968543052674
text_only,35,0.015599642656743526,0.015599642656743526,0.014577228270471096
text_only,36,0.020649573095142842,0.02064957279711962,0.012125118993222713
text_only,37,0.02017394132912159,0.02017394084483385,0.012864961139857769
text_only,38,0.01801539085805416,0.018015390671789647,0.014425962902605534
text_only,39,0.018349929824471475,0.018349929749965667,0.014141661517322063
text_only,40,0.016559918820858003,0.016559918820858003,0.013022126160562038
text_only,41,0.017815460562705995,0.017815460488200187,0.013513258442282676
text_only,42,0.018696986101567746,0.01869698617607355,0.012896267615258694
text_only,43,0.01708899885416031,0.017088998705148697,0.014385458007454872
text_only,44,0.018992290571331977,0.018992290422320365,0.014754164956510067
text_only,45,0.02039817124605179,0.020398171059787272,0.01569678968936205
text_only,46,0.021364940479397774,0.021364940106868745,0.016026862606406213
text_only,47,0.017698312550783156,0.01769831247627735,0.015692023999989032
text_only,48,0.0202458056434989,0.02024580504745245,0.015030041247606277
text_only,49,0.016381502971053123,0.016381503380835057,0.016694040708243846
text_only,50,0.01504447240382433,0.01504447240382433,0.015224811896681786
text_only,51,0.01916662499308586,0.019166624695062636,0.016334285326302052
text_only,52,0.017813306003808975,0.01781330566853285,0.01492475089430809
text_only,53,0.01664201069623232,0.016642010621726513,0.015841822996735574
text_only,54,0.01841237135231495,0.018412371426820756,0.017377107560634614
text_only,55,0.01797391414642334,0.017973913848400115,0.014501237131655216
text_only,56,0.01800170533359051,0.018001704774796963,0.017037790693342686
text_only,57,0.016487615555524825,0.0164876152575016,0.015802739292383194
text_only,58,0.017496614307165145,0.017496614083647728,0.016153270445764065
text_only,59,0.01808242529630661,0.018082425445318222,0.01412850645929575
text_only,60,0.014698711857199669,0.014698711708188057,0.014711433872580528
