system,run,seed,collaborative_dropout,embedding_dim,best_epoch,best_val_ndcg,coverage_at_best,epochs_run,checkpoint
ncf,ncf_seed1,1,0.2,16,9,0.02502,149,29,/home/mncedisi/capstone_multimodal_rec/checkpoints/ncf_seed1.pt
ncf,ncf_seed2,2,0.2,16,15,0.02101,225,35,/home/mncedisi/capstone_multimodal_rec/checkpoints/ncf_seed2.pt
ncf,ncf_seed3,3,0.2,16,11,0.02162,112,31,/home/mncedisi/capstone_multimodal_rec/checkpoints/ncf_seed3.pt
ncf,ncf_seed4,4,0.2,16,26,0.02185,575,46,/home/mncedisi/capstone_multimodal_rec/checkpoints/ncf_seed4.pt
ncf,ncf_seed5,5,0.2,16,3,0.02366,53,23,/home/mncedisi/capstone_multimodal_rec/checkpoints/ncf_seed5.pt
image_only,image_only_seed1,1,0.2,16,36,0.02548,246,56,/home/mncedisi/capstone_multimodal_rec/checkpoints/image_only_seed1.pt
image_only,image_only_seed2,2,0.2,16,9,0.02139,111,29,/home/mncedisi/capstone_multimodal_rec/checkpoints/image_only_seed2.pt
image_only,image_only_seed3,3,0.2,16,11,0.02133,117,31,/home/mncedisi/capstone_multimodal_rec/checkpoints/image_only_seed3.pt
image_only,image_only_seed4,4,0.2,16,32,0.02271,240,52,/home/mncedisi/capstone_multimodal_rec/checkpoints/image_only_seed4.pt
image_only,image_only_seed5,5,0.2,16,4,0.02008,53,24,/home/mncedisi/capstone_multimodal_rec/checkpoints/image_only_seed5.pt
text_only,text_only_seed1,1,0.2,16,2,0.02426,52,22,/home/mncedisi/capstone_multimodal_rec/checkpoints/text_only_seed1.pt
text_only,text_only_seed2,2,0.2,16,25,0.02228,160,45,/home/mncedisi/capstone_multimodal_rec/checkpoints/text_only_seed2.pt
text_only,text_only_seed3,3,0.2,16,49,0.02133,332,69,/home/mncedisi/capstone_multimodal_rec/checkpoints/text_only_seed3.pt
text_only,text_only_seed4,4,0.2,16,26,0.0245,184,46,/home/mncedisi/capstone_multimodal_rec/checkpoints/text_only_seed4.pt
text_only,text_only_seed5,5,0.2,16,3,0.02259,46,23,/home/mncedisi/capstone_multimodal_rec/checkpoints/text_only_seed5.pt
content_only,content_only_seed1,1,0.2,16,12,0.02561,105,32,/home/mncedisi/capstone_multimodal_rec/checkpoints/content_only_seed1.pt
content_only,content_only_seed2,2,0.2,16,13,0.02416,110,33,/home/mncedisi/capstone_multimodal_rec/checkpoints/content_only_seed2.pt
content_only,content_only_seed3,3,0.2,16,8,0.02149,91,28,/home/mncedisi/capstone_multimodal_rec/checkpoints/content_only_seed3.pt
content_only,content_only_seed4,4,0.2,16,33,0.02218,255,53,/home/mncedisi/capstone_multimodal_rec/checkpoints/content_only_seed4.pt
content_only,content_only_seed5,5,0.2,16,7,0.02309,50,27,/home/mncedisi/capstone_multimodal_rec/checkpoints/content_only_seed5.pt
interaction_image,interaction_image_seed1,1,0.2,16,24,0.02665,152,44,/home/mncedisi/capstone_multimodal_rec/checkpoints/interaction_image_seed1.pt
interaction_image,interaction_image_seed2,2,0.2,16,9,0.02337,99,29,/home/mncedisi/capstone_multimodal_rec/checkpoints/interaction_image_seed2.pt
interaction_image,interaction_image_seed3,3,0.2,16,3,0.02314,37,23,/home/mncedisi/capstone_multimodal_rec/checkpoints/interaction_image_seed3.pt
interaction_image,interaction_image_seed4,4,0.2,16,47,0.02423,391,67,/home/mncedisi/capstone_multimodal_rec/checkpoints/interaction_image_seed4.pt
interaction_image,interaction_image_seed5,5,0.2,16,75,0.02678,707,95,/home/mncedisi/capstone_multimodal_rec/checkpoints/interaction_image_seed5.pt
interaction_text,interaction_text_seed1,1,0.2,16,23,0.02497,145,43,/home/mncedisi/capstone_multimodal_rec/checkpoints/interaction_text_seed1.pt
interaction_text,interaction_text_seed2,2,0.2,16,47,0.0247,396,67,/home/mncedisi/capstone_multimodal_rec/checkpoints/interaction_text_seed2.pt
interaction_text,interaction_text_seed3,3,0.2,16,4,0.02352,48,24,/home/mncedisi/capstone_multimodal_rec/checkpoints/interaction_text_seed3.pt
interaction_text,interaction_text_seed4,4,0.2,16,39,0.02535,244,59,/home/mncedisi/capstone_multimodal_rec/checkpoints/interaction_text_seed4.pt
interaction_text,interaction_text_seed5,5,0.2,16,3,0.0229,45,23,/home/mncedisi/capstone_multimodal_rec/checkpoints/interaction_text_seed5.pt
concat_fusion,concat_fusion_seed1,1,0.2,16,21,0.02621,85,41,/home/mncedisi/capstone_multimodal_rec/checkpoints/concat_fusion_seed1.pt
concat_fusion,concat_fusion_seed2,2,0.2,16,20,0.02386,139,40,/home/mncedisi/capstone_multimodal_rec/checkpoints/concat_fusion_seed2.pt
concat_fusion,concat_fusion_seed3,3,0.2,16,4,0.02169,54,24,/home/mncedisi/capstone_multimodal_rec/checkpoints/concat_fusion_seed3.pt
concat_fusion,concat_fusion_seed4,4,0.2,16,21,0.02557,150,41,/home/mncedisi/capstone_multimodal_rec/checkpoints/concat_fusion_seed4.pt
concat_fusion,concat_fusion_seed5,5,0.2,16,3,0.02459,38,23,/home/mncedisi/capstone_multimodal_rec/checkpoints/concat_fusion_seed5.pt
attention_fusion,attention_fusion_seed1,1,0.2,16,7,0.02712,85,27,/home/mncedisi/capstone_multimodal_rec/checkpoints/attention_fusion_seed1.pt
attention_fusion,attention_fusion_seed2,2,0.2,16,9,0.02318,102,29,/home/mncedisi/capstone_multimodal_rec/checkpoints/attention_fusion_seed2.pt
attention_fusion,attention_fusion_seed3,3,0.2,16,11,0.02212,117,31,/home/mncedisi/capstone_multimodal_rec/checkpoints/attention_fusion_seed3.pt
attention_fusion,attention_fusion_seed4,4,0.2,16,10,0.02611,140,30,/home/mncedisi/capstone_multimodal_rec/checkpoints/attention_fusion_seed4.pt
attention_fusion,attention_fusion_seed5,5,0.2,16,3,0.02313,43,23,/home/mncedisi/capstone_multimodal_rec/checkpoints/attention_fusion_seed5.pt
